x,y,z,section,order,x_norm,z_norm
1.0,-0.00074000074000074,0.0,UPPER,1,1.0,-0.00074000074000074
0.9943039943039943,0.000798000798000798,0.0,UPPER,2,0.9943039943039943,0.000798000798000798
0.984966984966985,0.003328003328003328,0.0,UPPER,3,0.984966984966985,0.003328003328003328
0.9746049746049746,0.006148006148006148,0.0,UPPER,4,0.9746049746049746,0.006148006148006148
0.9631719631719632,0.009272009272009272,0.0,UPPER,5,0.9631719631719632,0.009272009272009272
0.9506799506799507,0.012684012684012685,0.0,UPPER,6,0.9506799506799507,0.012684012684012685
0.9372069372069373,0.01634801634801635,0.0,UPPER,7,0.9372069372069373,0.01634801634801635
0.9228609228609229,0.020227020227020227,0.0,UPPER,8,0.9228609228609229,0.020227020227020227
0.9077959077959078,0.02428902428902429,0.0,UPPER,9,0.9077959077959078,0.02428902428902429
0.8922018922018923,0.028493028493028493,0.0,UPPER,10,0.8922018922018923,0.028493028493028493
0.8762758762758763,0.03278603278603279,0.0,UPPER,11,0.8762758762758763,0.03278603278603279
0.8601858601858602,0.03710903710903711,0.0,UPPER,12,0.8601858601858602,0.03710903710903711
0.8440528440528441,0.04141204141204141,0.0,UPPER,13,0.8440528440528441,0.04141204141204141
0.8279458279458279,0.045666045666045665,0.0,UPPER,14,0.8279458279458279,0.045666045666045665
0.811952811952812,0.049844049844049845,0.0,UPPER,15,0.811952811952812,0.049844049844049845
0.796093796093796,0.0538960538960539,0.0,UPPER,16,0.796093796093796,0.0538960538960539
0.7802967802967803,0.05783005783005783,0.0,UPPER,17,0.7802967802967803,0.05783005783005783
0.7645687645687647,0.06167306167306167,0.0,UPPER,18,0.7645687645687647,0.06167306167306167
0.748993748993749,0.06540906540906541,0.0,UPPER,19,0.748993748993749,0.06540906540906541
0.7336157336157336,0.069001069001069,0.0,UPPER,20,0.7336157336157336,0.069001069001069
0.7184247184247184,0.07242507242507243,0.0,UPPER,21,0.7184247184247184,0.07242507242507243
0.7033807033807034,0.07567707567707567,0.0,UPPER,22,0.7033807033807034,0.07567707567707567
0.6884706884706885,0.07876907876907878,0.0,UPPER,23,0.6884706884706885,0.07876907876907878
0.6737046737046737,0.0816900816900817,0.0,UPPER,24,0.6737046737046737,0.0816900816900817
0.6590736590736591,0.08442808442808443,0.0,UPPER,25,0.6590736590736591,0.08442808442808443
0.6445396445396445,0.08697508697508698,0.0,UPPER,26,0.6445396445396445,0.08697508697508698
0.63005963005963,0.08934108934108935,0.0,UPPER,27,0.63005963005963,0.08934108934108935
0.6156356156356156,0.09154409154409154,0.0,UPPER,28,0.6156356156356156,0.09154409154409154
0.6012976012976012,0.09356609356609356,0.0,UPPER,29,0.6012976012976012,0.09356609356609356
0.586995586995587,0.09537809537809538,0.0,UPPER,30,0.586995586995587,0.09537809537809538
0.5726355726355726,0.09699209699209699,0.0,UPPER,31,0.5726355726355726,0.09699209699209699
0.5581665581665581,0.09843109843109844,0.0,UPPER,32,0.5581665581665581,0.09843109843109844
0.5435675435675436,0.09971909971909973,0.0,UPPER,33,0.5435675435675436,0.09971909971909973
0.5288565288565289,0.10086710086710086,0.0,UPPER,34,0.5288565288565289,0.10086710086710086
0.514055514055514,0.10187310187310188,0.0,UPPER,35,0.514055514055514,0.10187310187310188
0.49917049917049916,0.10273310273310274,0.0,UPPER,36,0.49917049917049916,0.10273310273310274
0.4841984841984842,0.10345010345010346,0.0,UPPER,37,0.4841984841984842,0.10345010345010346
0.4691394691394692,0.10402510402510404,0.0,UPPER,38,0.4691394691394692,0.10402510402510404
0.45399745399745406,0.10446510446510447,0.0,UPPER,39,0.45399745399745406,0.10446510446510447
0.43878543878543885,0.10477610477610477,0.0,UPPER,40,0.43878543878543885,0.10477610477610477
0.4235234235234236,0.10496010496010497,0.0,UPPER,41,0.4235234235234236,0.10496010496010497
0.4082324082324083,0.10501810501810502,0.0,UPPER,42,0.4082324082324083,0.10501810501810502
0.392937392937393,0.10495510495510496,0.0,UPPER,43,0.392937392937393,0.10495510495510496
0.3776693776693777,0.10476810476810478,0.0,UPPER,44,0.3776693776693777,0.10476810476810478
0.3624473624473625,0.10445110445110446,0.0,UPPER,45,0.3624473624473625,0.10445110445110446
0.3472763472763473,0.103997103997104,0.0,UPPER,46,0.3472763472763473,0.103997103997104
0.33215233215233214,0.1034041034041034,0.0,UPPER,47,0.33215233215233214,0.1034041034041034
0.3170763170763171,0.10267510267510269,0.0,UPPER,48,0.3170763170763171,0.10267510267510269
0.3020633020633021,0.10181710181710182,0.0,UPPER,49,0.3020633020633021,0.10181710181710182
0.2871502871502872,0.10083710083710083,0.0,UPPER,50,0.2871502871502872,0.10083710083710083
0.27237727237727244,0.09973109973109974,0.0,UPPER,51,0.27237727237727244,0.09973109973109974
0.2577762577762578,0.0984970984970985,0.0,UPPER,52,0.2577762577762578,0.0984970984970985
0.24337124337124338,0.09713209713209713,0.0,UPPER,53,0.24337124337124338,0.09713209713209713
0.2291922291922292,0.09563809563809564,0.0,UPPER,54,0.2291922291922292,0.09563809563809564
0.21527621527621527,0.09402509402509403,0.0,UPPER,55,0.21527621527621527,0.09402509402509403
0.2016862016862017,0.09231209231209232,0.0,UPPER,56,0.2016862016862017,0.09231209231209232
0.18850718850718853,0.0905100905100905,0.0,UPPER,57,0.18850718850718853,0.0905100905100905
0.17580017580017582,0.08860408860408861,0.0,UPPER,58,0.17580017580017582,0.08860408860408861
0.16357016357016357,0.08658008658008659,0.0,UPPER,59,0.16357016357016357,0.08658008658008659
0.1518271518271518,0.08447008447008447,0.0,UPPER,60,0.1518271518271518,0.08447008447008447
0.14063514063514065,0.08232708232708233,0.0,UPPER,61,0.14063514063514065,0.08232708232708233
0.13006613006613005,0.08017308017308017,0.0,UPPER,62,0.13006613006613005,0.08017308017308017
0.12015612015612016,0.07801607801607802,0.0,UPPER,63,0.12015612015612016,0.07801607801607802
0.11091011091011091,0.07585807585807586,0.0,UPPER,64,0.11091011091011091,0.07585807585807586
0.1023081023081023,0.07369707369707369,0.0,UPPER,65,0.1023081023081023,0.07369707369707369
0.09431609431609432,0.07153407153407154,0.0,UPPER,66,0.09431609431609432,0.07153407153407154
0.0868960868960869,0.06937806937806938,0.0,UPPER,67,0.0868960868960869,0.06937806937806938
0.08000808000808,0.06724506724506725,0.0,UPPER,68,0.08000808000808,0.06724506724506725
0.07361607361607361,0.06514306514306516,0.0,UPPER,69,0.07361607361607361,0.06514306514306516
0.06768806768806769,0.06307806307806307,0.0,UPPER,70,0.06768806768806769,0.06307806307806307
0.06218806218806219,0.061042061042061044,0.0,UPPER,71,0.06218806218806219,0.061042061042061044
0.05708105708105708,0.05902705902705903,0.0,UPPER,72,0.05708105708105708,0.05902705902705903
0.05233405233405233,0.057029057029057036,0.0,UPPER,73,0.05233405233405233,0.057029057029057036
0.047914047914047915,0.055046055046055045,0.0,UPPER,74,0.047914047914047915,0.055046055046055045
0.0437960437960438,0.05306905306905307,0.0,UPPER,75,0.0437960437960438,0.05306905306905307
0.03995803995803996,0.051089051089051096,0.0,UPPER,76,0.03995803995803996,0.051089051089051096
0.03637903637903638,0.049096049096049095,0.0,UPPER,77,0.03637903637903638,0.049096049096049095
0.033038033038033036,0.0470920470920471,0.0,UPPER,78,0.033038033038033036,0.0470920470920471
0.029913029913029913,0.04508304508304508,0.0,UPPER,79,0.029913029913029913,0.04508304508304508
0.026985026985026986,0.043077043077043076,0.0,UPPER,80,0.026985026985026986,0.043077043077043076
0.02423802423802424,0.04108104108104108,0.0,UPPER,81,0.02423802423802424,0.04108104108104108
0.021662021662021663,0.0390960390960391,0.0,UPPER,82,0.021662021662021663,0.0390960390960391
0.019250019250019252,0.03711603711603712,0.0,UPPER,83,0.019250019250019252,0.03711603711603712
0.016998016998016997,0.03513703513703514,0.0,UPPER,84,0.016998016998016997,0.03513703513703514
0.0149000149000149,0.03315603315603315,0.0,UPPER,85,0.0149000149000149,0.03315603315603315
0.012953012953012955,0.03117003117003117,0.0,UPPER,86,0.012953012953012955,0.03117003117003117
0.01115001115001115,0.02917802917802918,0.0,UPPER,87,0.01115001115001115,0.02917802917802918
0.009493009493009495,0.02717802717802718,0.0,UPPER,88,0.009493009493009495,0.02717802717802718
0.007981007981007981,0.025166025166025167,0.0,UPPER,89,0.007981007981007981,0.025166025166025167
0.006618006618006618,0.02313902313902314,0.0,UPPER,90,0.006618006618006618,0.02313902313902314
0.005408005408005408,0.021096021096021097,0.0,UPPER,91,0.005408005408005408,0.021096021096021097
0.004349004349004349,0.01903901903901904,0.0,UPPER,92,0.004349004349004349,0.01903901903901904
0.003433003433003433,0.01697601697601698,0.0,UPPER,93,0.003433003433003433,0.01697601697601698
0.002644002644002644,0.014917014917014916,0.0,UPPER,94,0.002644002644002644,0.014917014917014916
0.001964001964001964,0.01287001287001287,0.0,UPPER,95,0.001964001964001964,0.01287001287001287
0.0013850013850013852,0.010842010842010842,0.0,UPPER,96,0.0013850013850013852,0.010842010842010842
0.000905000905000905,0.008834008834008833,0.0,UPPER,97,0.000905000905000905,0.008834008834008833
0.000525000525000525,0.006848006848006848,0.0,UPPER,98,0.000525000525000525,0.006848006848006848
0.000247000247000247,0.004887004887004887,0.0,UPPER,99,0.000247000247000247,0.004887004887004887
0.025708025708025706,-0.02722102722102722,0.0,LOWER,100,0.025708025708025706,-0.02722102722102722
0.028647028647028647,-0.028487028487028485,0.0,LOWER,101,0.028647028647028647,-0.028487028487028485
0.03176203176203176,-0.029766029766029767,0.0,LOWER,102,0.03176203176203176,-0.029766029766029767
0.03507603507603507,-0.031040031040031044,0.0,LOWER,103,0.03507603507603507,-0.031040031040031044
0.038617038617038614,-0.032289032289032286,0.0,LOWER,104,0.038617038617038614,-0.032289032289032286
0.042417042417042417,-0.033503033503033505,0.0,LOWER,105,0.042417042417042417,-0.033503033503033505
0.0465000465000465,-0.03470503470503471,0.0,LOWER,106,0.0465000465000465,-0.03470503470503471
0.05089205089205089,-0.035937035937035934,0.0,LOWER,107,0.05089205089205089,-0.035937035937035934
0.055616055616055614,-0.037227037227037234,0.0,LOWER,108,0.055616055616055614,-0.037227037227037234
0.060701060701060704,-0.038579038579038584,0.0,LOWER,109,0.060701060701060704,-0.038579038579038584
0.0661820661820662,-0.03998103998103999,0.0,LOWER,110,0.0661820661820662,-0.03998103998103999
0.0721000721000721,-0.041418041418041424,0.0,LOWER,111,0.0721000721000721,-0.041418041418041424
0.0785020785020785,-0.04286704286704287,0.0,LOWER,112,0.0785020785020785,-0.04286704286704287
0.08544408544408544,-0.044315044315044315,0.0,LOWER,113,0.08544408544408544,-0.044315044315044315
0.09298709298709298,-0.04575904575904576,0.0,LOWER,114,0.09298709298709298,-0.04575904575904576
0.10119410119410119,-0.0472010472010472,0.0,LOWER,115,0.10119410119410119,-0.0472010472010472
0.11012811012811013,-0.04864804864804865,0.0,LOWER,116,0.11012811012811013,-0.04864804864804865
0.11983911983911984,-0.05011705011705012,0.0,LOWER,117,0.11983911983911984,-0.05011705011705012
0.13032413032413032,-0.05163305163305163,0.0,LOWER,118,0.13032413032413032,-0.05163305163305163
0.14151114151114152,-0.053170053170053175,0.0,LOWER,119,0.14151114151114152,-0.053170053170053175
0.15333015333015332,-0.05466205466205466,0.0,LOWER,120,0.15333015333015332,-0.05466205466205466
0.16576716576716577,-0.05605705605705606,0.0,LOWER,121,0.16576716576716577,-0.05605705605705606
0.17881717881717882,-0.05737105737105737,0.0,LOWER,122,0.17881717881717882,-0.05737105737105737
0.1924031924031924,-0.05861305861305861,0.0,LOWER,123,0.1924031924031924,-0.05861305861305861
0.20642620642620643,-0.059780059780059784,0.0,LOWER,124,0.20642620642620643,-0.059780059780059784
0.2207802207802208,-0.06085706085706086,0.0,LOWER,125,0.2207802207802208,-0.06085706085706086
0.23537923537923539,-0.061823061823061826,0.0,LOWER,126,0.23537923537923539,-0.061823061823061826
0.2501782501782502,-0.06265806265806266,0.0,LOWER,127,0.2501782501782502,-0.06265806265806266
0.26517726517726525,-0.06335506335506336,0.0,LOWER,128,0.26517726517726525,-0.06335506335506336
0.2803822803822804,-0.06392306392306392,0.0,LOWER,129,0.2803822803822804,-0.06392306392306392
0.29578529578529583,-0.06437506437506438,0.0,LOWER,130,0.29578529578529583,-0.06437506437506438
0.3113513113513114,-0.06472606472606474,0.0,LOWER,131,0.3113513113513114,-0.06472606472606474
0.32702832702832707,-0.06498006498006498,0.0,LOWER,132,0.32702832702832707,-0.06498006498006498
0.34277634277634283,-0.06513306513306513,0.0,LOWER,133,0.34277634277634283,-0.06513306513306513
0.3585653585653586,-0.0651850651850652,0.0,LOWER,134,0.3585653585653586,-0.0651850651850652
0.3743753743753744,-0.06513306513306513,0.0,LOWER,135,0.3743753743753744,-0.06513306513306513
0.3901843901843902,-0.06497806497806498,0.0,LOWER,136,0.3901843901843902,-0.06497806497806498
0.405976405976406,-0.06471906471906472,0.0,LOWER,137,0.405976405976406,-0.06471906471906472
0.4217324217324218,-0.06435706435706436,0.0,LOWER,138,0.4217324217324218,-0.06435706435706436
0.4374314374314375,-0.0638900638900639,0.0,LOWER,139,0.4374314374314375,-0.0638900638900639
0.45305045305045305,-0.06332006332006332,0.0,LOWER,140,0.45305045305045305,-0.06332006332006332
0.4685584685584686,-0.06264506264506266,0.0,LOWER,141,0.4685584685584686,-0.06264506264506266
0.483929483929484,-0.06186106186106186,0.0,LOWER,142,0.483929483929484,-0.06186106186106186
0.4991404991404992,-0.06096506096506096,0.0,LOWER,143,0.4991404991404992,-0.06096506096506096
0.5141685141685142,-0.05994705994705995,0.0,LOWER,144,0.5141685141685142,-0.05994705994705995
0.529009529009529,-0.05878905878905879,0.0,LOWER,145,0.529009529009529,-0.05878905878905879
0.5437005437005437,-0.05746105746105746,0.0,LOWER,146,0.5437005437005437,-0.05746105746105746
0.5583275583275583,-0.05593405593405593,0.0,LOWER,147,0.5583275583275583,-0.05593405593405593
0.573003573003573,-0.05420805420805421,0.0,LOWER,148,0.573003573003573,-0.05420805420805421
0.5877685877685878,-0.05231105231105231,0.0,LOWER,149,0.5877685877685878,-0.05231105231105231
0.6026316026316025,-0.05022505022505023,0.0,LOWER,150,0.6026316026316025,-0.05022505022505023
0.6176856176856176,-0.04794204794204794,0.0,LOWER,151,0.6176856176856176,-0.04794204794204794
0.632981632981633,-0.04548804548804549,0.0,LOWER,152,0.632981632981633,-0.04548804548804549
0.6484936484936485,-0.042905042905042906,0.0,LOWER,153,0.6484936484936485,-0.042905042905042906
0.6641546641546642,-0.04021104021104021,0.0,LOWER,154,0.6641546641546642,-0.04021104021104021
0.67991067991068,-0.03742503742503742,0.0,LOWER,155,0.67991067991068,-0.03742503742503742
0.6956666956666957,-0.034606034606034605,0.0,LOWER,156,0.6956666956666957,-0.034606034606034605
0.7112467112467112,-0.031822031822031825,0.0,LOWER,157,0.7112467112467112,-0.031822031822031825
0.7265907265907265,-0.02899002899002899,0.0,LOWER,158,0.7265907265907265,-0.02899002899002899
0.7416907416907417,-0.026148026148026148,0.0,LOWER,159,0.7416907416907417,-0.026148026148026148
0.7564707564707565,-0.02347002347002347,0.0,LOWER,160,0.7564707564707565,-0.02347002347002347
0.7710267710267711,-0.020987020987020988,0.0,LOWER,161,0.7710267710267711,-0.020987020987020988
0.7855037855037855,-0.01843101843101843,0.0,LOWER,162,0.7855037855037855,-0.01843101843101843
0.7998147998147999,-0.015908015908015907,0.0,LOWER,163,0.7998147998147999,-0.015908015908015907
0.8138408138408139,-0.0135980135980136,0.0,LOWER,164,0.8138408138408139,-0.0135980135980136
0.8276798276798276,-0.011521011521011522,0.0,LOWER,165,0.8276798276798276,-0.011521011521011522
0.8413378413378414,-0.00963800963800964,0.0,LOWER,166,0.8413378413378414,-0.00963800963800964
0.8547428547428547,-0.007932007932007932,0.0,LOWER,167,0.8547428547428547,-0.007932007932007932
0.8678038678038679,-0.006415006415006415,0.0,LOWER,168,0.8678038678038679,-0.006415006415006415
0.8804578804578804,-0.0051090051090051086,0.0,LOWER,169,0.8804578804578804,-0.0051090051090051086
0.8926778926778927,-0.004043004043004043,0.0,LOWER,170,0.8926778926778927,-0.004043004043004043
0.9044919044919044,-0.0032480032480032483,0.0,LOWER,171,0.9044919044919044,-0.0032480032480032483
0.915949915949916,-0.002722002722002722,0.0,LOWER,172,0.915949915949916,-0.002722002722002722
0.927073927073927,-0.002446002446002446,0.0,LOWER,173,0.927073927073927,-0.002446002446002446
0.9378629378629378,-0.0023940023940023938,0.0,LOWER,174,0.9378629378629378,-0.0023940023940023938
0.9482839482839484,-0.002528002528002528,0.0,LOWER,175,0.9482839482839484,-0.002528002528002528
0.9582809582809584,-0.002836002836002836,0.0,LOWER,176,0.9582809582809584,-0.002836002836002836
0.9678309678309678,-0.003358003358003358,0.0,LOWER,177,0.9678309678309678,-0.003358003358003358
0.976977976977977,-0.004166004166004166,0.0,LOWER,178,0.976977976977977,-0.004166004166004166
0.9858069858069858,-0.005286005286005286,0.0,LOWER,179,0.9858069858069858,-0.005286005286005286
0.9943889943889943,-0.006715006715006715,0.0,LOWER,180,0.9943889943889943,-0.006715006715006715
1.0,-0.00783000783000783,0.0,LOWER,181,1.0,-0.00783000783000783
